{
    "ADJ": {
        "precision": 0.288135593220339,
        "recall": 0.25757575757575757,
        "f1-score": 0.27199999999999996,
        "support": 132
    },
    "ADP": {
        "precision": 0.9586056644880174,
        "recall": 0.9606986899563319,
        "f1-score": 0.9596510359869138,
        "support": 458
    },
    "ADV": {
        "precision": 0.48756218905472637,
        "recall": 0.91875,
        "f1-score": 0.6370530877573132,
        "support": 320
    },
    "AUX": {
        "precision": 0.925,
        "recall": 0.9337539432176656,
        "f1-score": 0.9293563579277865,
        "support": 317
    },
    "CCONJ": {
        "precision": 0.9923076923076923,
        "recall": 0.9626865671641791,
        "f1-score": 0.9772727272727273,
        "support": 536
    },
    "DET": {
        "precision": 0.9556650246305419,
        "recall": 0.9356913183279743,
        "f1-score": 0.9455727051177903,
        "support": 622
    },
    "INTJ": {
        "precision": 1.0,
        "recall": 0.0,
        "f1-score": 0.0,
        "support": 28
    },
    "NOUN": {
        "precision": 0.816017316017316,
        "recall": 0.7887029288702929,
        "f1-score": 0.8021276595744682,
        "support": 956
    },
    "NUM": {
        "precision": 0.6,
        "recall": 0.6666666666666666,
        "f1-score": 0.631578947368421,
        "support": 9
    },
    "PART": {
        "precision": 0.8529411764705882,
        "recall": 0.90625,
        "f1-score": 0.8787878787878787,
        "support": 32
    },
    "PRON": {
        "precision": 0.8861209964412812,
        "recall": 0.9120879120879121,
        "f1-score": 0.8989169675090253,
        "support": 546
    },
    "PROPN": {
        "precision": 0.8918918918918919,
        "recall": 0.6984126984126984,
        "f1-score": 0.7833827893175075,
        "support": 945
    },
    "PUNCT": {
        "precision": 1.0,
        "recall": 1.0,
        "f1-score": 1.0,
        "support": 902
    },
    "SCONJ": {
        "precision": 1.0,
        "recall": 0.8048780487804879,
        "f1-score": 0.8918918918918919,
        "support": 82
    },
    "SPACE": {
        "precision": 0.5,
        "recall": 1.0,
        "f1-score": 0.6666666666666666,
        "support": 1
    },
    "VERB": {
        "precision": 0.8825591586327782,
        "recall": 0.8741319444444444,
        "f1-score": 0.8783253379851722,
        "support": 1152
    },
    "X": {
        "precision": 0.05405405405405406,
        "recall": 0.2222222222222222,
        "f1-score": 0.08695652173913043,
        "support": 9
    },
    "accuracy": 0.8637718177948063,
    "macro avg": {
        "precision": 0.7700506327770134,
        "recall": 0.7554416881015666,
        "f1-score": 0.719972974994276,
        "support": 7047
    },
    "weighted avg": {
        "precision": 0.8828979668541318,
        "recall": 0.8637718177948063,
        "f1-score": 0.8664696463248143,
        "support": 7047
    },
    "cohens_kappa": 0.8478313346995355
}