{
    "ADJ": {
        "precision": 0.6076555023923444,
        "recall": 0.9844961240310077,
        "f1-score": 0.7514792899408284,
        "support": 129
    },
    "ADP": {
        "precision": 0.9510357815442562,
        "recall": 1.0,
        "f1-score": 0.974903474903475,
        "support": 505
    },
    "ADV": {
        "precision": 0.9838056680161943,
        "recall": 0.7523219814241486,
        "f1-score": 0.8526315789473684,
        "support": 323
    },
    "AUX": {
        "precision": 1.0,
        "recall": 0.9798270893371758,
        "f1-score": 0.9898107714701602,
        "support": 347
    },
    "CCONJ": {
        "precision": 1.0,
        "recall": 0.9944852941176471,
        "f1-score": 0.9972350230414746,
        "support": 544
    },
    "DET": {
        "precision": 1.0,
        "recall": 0.9875518672199171,
        "f1-score": 0.9937369519832986,
        "support": 723
    },
    "INTJ": {
        "precision": 0.9642857142857143,
        "recall": 0.9642857142857143,
        "f1-score": 0.9642857142857143,
        "support": 28
    },
    "NOUN": {
        "precision": 0.9989224137931034,
        "recall": 0.9903846153846154,
        "f1-score": 0.9946351931330473,
        "support": 936
    },
    "NUM": {
        "precision": 1.0,
        "recall": 1.0,
        "f1-score": 1.0,
        "support": 9
    },
    "PART": {
        "precision": 1.0,
        "recall": 0.9705882352941176,
        "f1-score": 0.9850746268656716,
        "support": 34
    },
    "PRON": {
        "precision": 0.9930313588850174,
        "recall": 1.0,
        "f1-score": 0.9965034965034965,
        "support": 570
    },
    "PROPN": {
        "precision": 0.987460815047022,
        "recall": 0.9978880675818373,
        "f1-score": 0.9926470588235294,
        "support": 947
    },
    "PUNCT": {
        "precision": 0.9991204925241864,
        "recall": 0.9982425307557118,
        "f1-score": 0.9986813186813187,
        "support": 1138
    },
    "SCONJ": {
        "precision": 1.0,
        "recall": 0.978494623655914,
        "f1-score": 0.9891304347826088,
        "support": 93
    },
    "VERB": {
        "precision": 0.9919928825622776,
        "recall": 0.9991039426523297,
        "f1-score": 0.9955357142857143,
        "support": 1116
    },
    "X": {
        "precision": 1.0,
        "recall": 0.0,
        "f1-score": 0.0,
        "support": 21
    },
    "accuracy": 0.9812407878869087,
    "macro avg": {
        "precision": 0.9673319143156323,
        "recall": 0.9123543803587586,
        "f1-score": 0.9047681654779817,
        "support": 7463
    },
    "weighted avg": {
        "precision": 0.9854800594149877,
        "recall": 0.9812407878869087,
        "f1-score": 0.9804529349836627,
        "support": 7463
    },
    "cohens_kappa": 0.9789910588840512
}