{
    "ADJ": {
        "precision": 0.5067264573991032,
        "recall": 0.8560606060606061,
        "f1-score": 0.6366197183098592,
        "support": 132
    },
    "ADP": {
        "precision": 0.9432773109243697,
        "recall": 0.980349344978166,
        "f1-score": 0.9614561027837258,
        "support": 458
    },
    "ADV": {
        "precision": 0.7704918032786885,
        "recall": 0.734375,
        "f1-score": 0.7519999999999999,
        "support": 320
    },
    "AUX": {
        "precision": 0.979933110367893,
        "recall": 0.9242902208201893,
        "f1-score": 0.9512987012987013,
        "support": 317
    },
    "CCONJ": {
        "precision": 0.9814126394052045,
        "recall": 0.9850746268656716,
        "f1-score": 0.9832402234636871,
        "support": 536
    },
    "DET": {
        "precision": 0.978688524590164,
        "recall": 0.9598070739549839,
        "f1-score": 0.9691558441558442,
        "support": 622
    },
    "INTJ": {
        "precision": 0.5405405405405406,
        "recall": 0.7142857142857143,
        "f1-score": 0.6153846153846154,
        "support": 28
    },
    "NOUN": {
        "precision": 0.9236479321314952,
        "recall": 0.9110878661087866,
        "f1-score": 0.9173249078462349,
        "support": 956
    },
    "NUM": {
        "precision": 1.0,
        "recall": 0.6666666666666666,
        "f1-score": 0.8,
        "support": 9
    },
    "PART": {
        "precision": 1.0,
        "recall": 0.96875,
        "f1-score": 0.9841269841269841,
        "support": 32
    },
    "PRON": {
        "precision": 0.9278169014084507,
        "recall": 0.9652014652014652,
        "f1-score": 0.9461400359066428,
        "support": 546
    },
    "PROPN": {
        "precision": 0.9515765765765766,
        "recall": 0.8941798941798942,
        "f1-score": 0.9219858156028369,
        "support": 945
    },
    "PUNCT": {
        "precision": 0.9977851605758582,
        "recall": 0.9988913525498891,
        "f1-score": 0.9983379501385041,
        "support": 902
    },
    "SCONJ": {
        "precision": 1.0,
        "recall": 0.7439024390243902,
        "f1-score": 0.8531468531468531,
        "support": 82
    },
    "SPACE": {
        "precision": 1.0,
        "recall": 0.0,
        "f1-score": 0.0,
        "support": 1
    },
    "VERB": {
        "precision": 0.9473684210526315,
        "recall": 0.953125,
        "f1-score": 0.950237992211164,
        "support": 1152
    },
    "X": {
        "precision": 1.0,
        "recall": 0.0,
        "f1-score": 0.0,
        "support": 9
    },
    "accuracy": 0.933021143749113,
    "macro avg": {
        "precision": 0.9087803163677046,
        "recall": 0.7797674865115544,
        "f1-score": 0.7788503379044501,
        "support": 7047
    },
    "weighted avg": {
        "precision": 0.9392972325827866,
        "recall": 0.933021143749113,
        "f1-score": 0.9340572755823446,
        "support": 7047
    },
    "cohens_kappa": 0.9249930995664905
}