{
    "ADJ": {
        "precision": 0.9047619047619048,
        "recall": 0.29457364341085274,
        "f1-score": 0.4444444444444445,
        "support": 129
    },
    "ADP": {
        "precision": 0.970873786407767,
        "recall": 0.9900990099009901,
        "f1-score": 0.9803921568627452,
        "support": 505
    },
    "ADV": {
        "precision": 0.7511737089201878,
        "recall": 0.9907120743034056,
        "f1-score": 0.8544726301735647,
        "support": 323
    },
    "AUX": {
        "precision": 0.9796511627906976,
        "recall": 0.9711815561959655,
        "f1-score": 0.9753979739507959,
        "support": 347
    },
    "CCONJ": {
        "precision": 0.9962894248608535,
        "recall": 0.9871323529411765,
        "f1-score": 0.9916897506925209,
        "support": 544
    },
    "DET": {
        "precision": 0.9931224209078404,
        "recall": 0.9986168741355463,
        "f1-score": 0.9958620689655173,
        "support": 723
    },
    "INTJ": {
        "precision": 1.0,
        "recall": 0.0,
        "f1-score": 0.0,
        "support": 28
    },
    "NOUN": {
        "precision": 0.9099009900990099,
        "recall": 0.9818376068376068,
        "f1-score": 0.9445015416238438,
        "support": 936
    },
    "NUM": {
        "precision": 1.0,
        "recall": 1.0,
        "f1-score": 1.0,
        "support": 9
    },
    "PART": {
        "precision": 0.8461538461538461,
        "recall": 0.9705882352941176,
        "f1-score": 0.9041095890410958,
        "support": 34
    },
    "PRON": {
        "precision": 0.9964788732394366,
        "recall": 0.9929824561403509,
        "f1-score": 0.9947275922671354,
        "support": 570
    },
    "PROPN": {
        "precision": 0.9641657334826428,
        "recall": 0.9091869060190074,
        "f1-score": 0.9358695652173914,
        "support": 947
    },
    "PUNCT": {
        "precision": 0.9835497835497835,
        "recall": 0.9982425307557118,
        "f1-score": 0.9908416921064107,
        "support": 1138
    },
    "SCONJ": {
        "precision": 1.0,
        "recall": 0.8387096774193549,
        "f1-score": 0.9122807017543859,
        "support": 93
    },
    "SPACE": {
        "precision": 0.0,
        "recall": 1.0,
        "f1-score": 0.0,
        "support": 0
    },
    "VERB": {
        "precision": 0.9614003590664273,
        "recall": 0.9596774193548387,
        "f1-score": 0.9605381165919282,
        "support": 1116
    },
    "X": {
        "precision": 0.0,
        "recall": 0.0,
        "f1-score": 0.0,
        "support": 21
    },
    "accuracy": 0.954977890928581,
    "macro avg": {
        "precision": 0.8386777643670822,
        "recall": 0.8166788436887602,
        "f1-score": 0.7579486955112812,
        "support": 7463
    },
    "weighted avg": {
        "precision": 0.9558193067150885,
        "recall": 0.954977890928581,
        "f1-score": 0.9497271195406813,
        "support": 7463
    },
    "cohens_kappa": 0.9495194502775942
}